code,term
C00,Malignant neoplasm of lip
C00-C14,"Malignant neoplasms of lip, oral cavity and pharynx"
C00-C75,"Malignant neoplasms, stated or presumed to be primary, of specified sites, except of lymphoid, haematopoietic and related tissue"
C00-C97,Malignant neoplasms
C00.0,Malignant neoplasm: External upper lip
C00.1,Malignant neoplasm: External lower lip
C00.2,"Malignant neoplasm: External lip, unspecified"
C00.3,"Malignant neoplasm: Upper lip, inner aspect"
C00.4,"Malignant neoplasm: Lower lip, inner aspect"
C00.5,"Malignant neoplasm: Lip, unspecified, inner aspect"
C00.6,Malignant neoplasm: Commissure of lip
C00.8,Malignant neoplasm: Overlapping lesion of lip
C00.9,"Malignant neoplasm: Lip, unspecified"
C01,Malignant neoplasm of base of tongue
C02,Malignant neoplasm of other and unspecified parts of tongue
C02.0,Malignant neoplasm: Dorsal surface of tongue
C02.1,Malignant neoplasm: Border of tongue
C02.2,Malignant neoplasm: Ventral surface of tongue
C02.3,"Malignant neoplasm: Anterior two-thirds of tongue, part unspecified"
C02.4,Malignant neoplasm: Lingual tonsil
C02.8,Malignant neoplasm: Overlapping lesion of tongue
C02.9,"Malignant neoplasm: Tongue, unspecified"
C03,Malignant neoplasm of gum
C03.0,Malignant neoplasm: Upper gum
C03.1,Malignant neoplasm: Lower gum
C03.9,"Malignant neoplasm: Gum, unspecified"
C04,Malignant neoplasm of floor of mouth
C04.0,Malignant neoplasm: Anterior floor of mouth
C04.1,Malignant neoplasm: Lateral floor of mouth
C04.8,Malignant neoplasm: Overlapping lesion of floor of mouth
C04.9,"Malignant neoplasm: Floor of mouth, unspecified"
C05,Malignant neoplasm of palate
C05.0,Malignant neoplasm: Hard palate
C05.1,Malignant neoplasm: Soft palate
C05.2,Malignant neoplasm: Uvula
C05.8,Malignant neoplasm: Overlapping lesion of palate
C05.9,"Malignant neoplasm: Palate, unspecified"
C06,Malignant neoplasm of other and unspecified parts of mouth
C06.0,Malignant neoplasm: Cheek mucosa
C06.1,Malignant neoplasm: Vestibule of mouth
C06.2,Malignant neoplasm: Retromolar area
C06.8,Malignant neoplasm: Overlapping lesion of other and unspecified parts of mouth
C06.9,"Malignant neoplasm: Mouth, unspecified"
C07,Malignant neoplasm of parotid gland
C08,Malignant neoplasm of other and unspecified major salivary glands
C08.0,Malignant neoplasm: Submandibular gland
C08.1,Malignant neoplasm: Sublingual gland
C08.8,Malignant neoplasm: Overlapping lesion of major salivary glands
C08.9,"Malignant neoplasm: Major salivary gland, unspecified"
C09,Malignant neoplasm of tonsil
C09.0,Malignant neoplasm: Tonsillar fossa
C09.1,Malignant neoplasm: Tonsillar pillar (anterior)(posterior)
C09.8,Malignant neoplasm: Overlapping lesion of tonsil
C09.9,"Malignant neoplasm: Tonsil, unspecified"
C10,Malignant neoplasm of oropharynx
C10.0,Malignant neoplasm: Vallecula
C10.1,Malignant neoplasm: Anterior surface of epiglottis
C10.2,Malignant neoplasm: Lateral wall of oropharynx
C10.3,Malignant neoplasm: Posterior wall of oropharynx
C10.4,Malignant neoplasm: Branchial cleft
C10.8,Malignant neoplasm: Overlapping lesion of oropharynx
C10.9,"Malignant neoplasm: Oropharynx, unspecified"
C11,Malignant neoplasm of nasopharynx
C11.0,Malignant neoplasm: Superior wall of nasopharynx
C11.1,Malignant neoplasm: Posterior wall of nasopharynx
C11.2,Malignant neoplasm: Lateral wall of nasopharynx
C11.3,Malignant neoplasm: Anterior wall of nasopharynx
C11.8,Malignant neoplasm: Overlapping lesion of nasopharynx
C11.9,"Malignant neoplasm: Nasopharynx, unspecified"
C12,Malignant neoplasm of piriform sinus
C13,Malignant neoplasm of hypopharynx
C13.0,Malignant neoplasm: Postcricoid region
C13.1,"Malignant neoplasm: Aryepiglottic fold, hypopharyngeal aspect"
C13.2,Malignant neoplasm: Posterior wall of hypopharynx
C13.8,Malignant neoplasm: Overlapping lesion of hypopharynx
C13.9,"Malignant neoplasm: Hypopharynx, unspecified"
C14,"Malignant neoplasm of other and ill-defined sites in the lip, oral cavity and pharynx"
C14.0,"Malignant neoplasm: Pharynx, unspecified"
C14.2,Malignant neoplasm: Waldeyer ring
C14.8,"Malignant neoplasm: Overlapping lesion of lip, oral cavity and pharynx"
C15,Malignant neoplasm of oesophagus
C15-C26,Malignant neoplasms of digestive organs
C15.0,Malignant neoplasm: Cervical part of oesophagus
C15.1,Malignant neoplasm: Thoracic part of oesophagus
C15.2,Malignant neoplasm: Abdominal part of oesophagus
C15.3,Malignant neoplasm: Upper third of oesophagus
C15.4,Malignant neoplasm: Middle third of oesophagus
C15.5,Malignant neoplasm: Lower third of oesophagus
C15.8,Malignant neoplasm: Overlapping lesion of oesophagus
C15.9,"Malignant neoplasm: Oesophagus, unspecified"
C16,Malignant neoplasm of stomach
C16.0,Malignant neoplasm: Cardia
C16.1,Malignant neoplasm: Fundus of stomach
C16.2,Malignant neoplasm: Body of stomach
C16.3,Malignant neoplasm: Pyloric antrum
C16.4,Malignant neoplasm: Pylorus
C16.5,"Malignant neoplasm: Lesser curvature of stomach, unspecified"
C16.6,"Malignant neoplasm: Greater curvature of stomach, unspecified"
C16.8,Malignant neoplasm: Overlapping lesion of stomach
C16.9,"Malignant neoplasm: Stomach, unspecified"
C17,Malignant neoplasm of small intestine
C17.0,Malignant neoplasm: Duodenum
C17.1,Malignant neoplasm: Jejunum
C17.2,Malignant neoplasm: Ileum
C17.3,Malignant neoplasm: Meckel diverticulum
C17.8,Malignant neoplasm: Overlapping lesion of small intestine
C17.9,"Malignant neoplasm: Small intestine, unspecified"
C18,Malignant neoplasm of colon
C18.0,Malignant neoplasm: Caecum
C18.1,Malignant neoplasm: Appendix
C18.2,Malignant neoplasm: Ascending colon
C18.3,Malignant neoplasm: Hepatic flexure
C18.4,Malignant neoplasm: Transverse colon
C18.5,Malignant neoplasm: Splenic flexure
C18.6,Malignant neoplasm: Descending colon
C18.7,Malignant neoplasm: Sigmoid colon
C18.8,Malignant neoplasm: Overlapping lesion of colon
C18.9,"Malignant neoplasm: Colon, unspecified"
C19,Malignant neoplasm of rectosigmoid junction
C20,Malignant neoplasm of rectum
C21,Malignant neoplasm of anus and anal canal
C21.0,"Malignant neoplasm: Anus, unspecified"
C21.1,Malignant neoplasm: Anal canal
C21.2,Malignant neoplasm: Cloacogenic zone
C21.8,"Malignant neoplasm: Overlapping lesion of rectum, anus and anal canal"
C22,Malignant neoplasm of liver and intrahepatic bile ducts
C22.0,Malignant neoplasm: Liver cell carcinoma
C22.1,Malignant neoplasm: Intrahepatic bile duct carcinoma
C22.2,Malignant neoplasm: Hepatoblastoma
C22.3,Malignant neoplasm: Angiosarcoma of liver
C22.4,Malignant neoplasm: Other sarcomas of liver
C22.7,Malignant neoplasm: Other specified carcinomas of liver
C22.9,"Malignant neoplasm: Liver, unspecified"
C23,Malignant neoplasm of gallbladder
C24,Malignant neoplasm of other and unspecified parts of biliary tract
C24.0,Malignant neoplasm: Extrahepatic bile duct
C24.1,Malignant neoplasm: Ampulla of Vater
C24.8,Malignant neoplasm: Overlapping lesion of biliary tract
C24.9,"Malignant neoplasm: Biliary tract, unspecified"
C25,Malignant neoplasm of pancreas
C25.0,Malignant neoplasm: Head of pancreas
C25.1,Malignant neoplasm: Body of pancreas
C25.2,Malignant neoplasm: Tail of pancreas
C25.3,Malignant neoplasm: Pancreatic duct
C25.4,Malignant neoplasm: Endocrine pancreas
C25.7,Malignant neoplasm: Other parts of pancreas
C25.8,Malignant neoplasm: Overlapping lesion of pancreas
C25.9,"Malignant neoplasm: Pancreas, unspecified"
C26,Malignant neoplasm of other and ill-defined digestive organs
C26.0,"Malignant neoplasm: Intestinal tract, part unspecified"
C26.1,Malignant neoplasm: Spleen
C26.8,Malignant neoplasm: Overlapping lesion of digestive system
C26.9,Malignant neoplasm: Ill-defined sites within the digestive system
C30,Malignant neoplasm of nasal cavity and middle ear
C30-C39,Malignant neoplasms of respiratory and intrathoracic organs
C30.0,Malignant neoplasm: Nasal cavity
C30.1,Malignant neoplasm: Middle ear
C31,Malignant neoplasm of accessory sinuses
C31.0,Malignant neoplasm: Maxillary sinus
C31.1,Malignant neoplasm: Ethmoidal sinus
C31.2,Malignant neoplasm: Frontal sinus
C31.3,Malignant neoplasm: Sphenoidal sinus
C31.8,Malignant neoplasm: Overlapping lesion of accessory sinuses
C31.9,"Malignant neoplasm: Accessory sinus, unspecified"
C32,Malignant neoplasm of larynx
C32.0,Malignant neoplasm: Glottis
C32.1,Malignant neoplasm: Supraglottis
C32.2,Malignant neoplasm: Subglottis
C32.3,Malignant neoplasm: Laryngeal cartilage
C32.8,Malignant neoplasm: Overlapping lesion of larynx
C32.9,"Malignant neoplasm: Larynx, unspecified"
C33,Malignant neoplasm of trachea
C34,Malignant neoplasm of bronchus and lung
C34.0,Malignant neoplasm: Main bronchus
C34.1,"Malignant neoplasm: Upper lobe, bronchus or lung"
C34.2,"Malignant neoplasm: Middle lobe, bronchus or lung"
C34.3,"Malignant neoplasm: Lower lobe, bronchus or lung"
C34.8,Malignant neoplasm: Overlapping lesion of bronchus and lung
C34.9,"Malignant neoplasm: Bronchus or lung, unspecified"
C37,Malignant neoplasm of thymus
C38,"Malignant neoplasm of heart, mediastinum and pleura"
C38.0,Malignant neoplasm: Heart
C38.1,Malignant neoplasm: Anterior mediastinum
C38.2,Malignant neoplasm: Posterior mediastinum
C38.3,"Malignant neoplasm: Mediastinum, part unspecified"
C38.4,Malignant neoplasm: Pleura
C38.8,"Malignant neoplasm: Overlapping lesion of heart, mediastinum and pleura"
C39,Malignant neoplasm of other and ill-defined sites in the respiratory system and intrathoracic organs
C39.0,"Malignant neoplasm: Upper respiratory tract, part unspecified"
C39.8,Malignant neoplasm: Overlapping lesion of respiratory and intrathoracic organs
C39.9,Malignant neoplasm: Ill-defined sites within the respiratory system
C40,Malignant neoplasm of bone and articular cartilage of limbs
C40-C41,Malignant neoplasms of bone and articular cartilage
C40.0,Malignant neoplasm: Scapula and long bones of upper limb
C40.1,Malignant neoplasm: Short bones of upper limb
C40.2,Malignant neoplasm: Long bones of lower limb
C40.3,Malignant neoplasm: Short bones of lower limb
C40.8,Malignant neoplasm: Overlapping lesion of bone and articular cartilage of limbs
C40.9,"Malignant neoplasm: Bone and articular cartilage of limb, unspecified"
C41,Malignant neoplasm of bone and articular cartilage of other and unspecified sites
C41.0,Malignant neoplasm: Bones of skull and face
C41.1,Malignant neoplasm: Mandible
C41.2,Malignant neoplasm: Vertebral column
C41.3,"Malignant neoplasm: Ribs, sternum and clavicle"
C41.4,"Malignant neoplasm: Pelvic bones, sacrum and coccyx"
C41.8,Malignant neoplasm: Overlapping lesion of bone and articular cartilage
C41.9,"Malignant neoplasm: Bone and articular cartilage, unspecified"
C43,Malignant melanoma of skin
C43-C44,Melanoma and other malignant neoplasms of skin
C43.0,Malignant neoplasm: Malignant melanoma of lip
C43.1,"Malignant neoplasm: Malignant melanoma of eyelid, including canthus"
C43.2,Malignant neoplasm: Malignant melanoma of ear and external auricular canal
C43.3,Malignant neoplasm: Malignant melanoma of other and unspecified parts of face
C43.4,Malignant neoplasm: Malignant melanoma of scalp and neck
C43.5,Malignant neoplasm: Malignant melanoma of trunk
C43.6,"Malignant neoplasm: Malignant melanoma of upper limb, including shoulder"
C43.7,"Malignant neoplasm: Malignant melanoma of lower limb, including hip"
C43.8,Malignant neoplasm: Overlapping malignant melanoma of skin
C43.9,"Malignant neoplasm: Malignant melanoma of skin, unspecified"
C44,Other malignant neoplasms of skin
C44.0,Malignant neoplasm: Skin of lip
C44.1,"Malignant neoplasm: Skin of eyelid, including canthus"
C44.2,Malignant neoplasm: Skin of ear and external auricular canal
C44.3,Malignant neoplasm: Skin of other and unspecified parts of face
C44.4,Malignant neoplasm: Skin of scalp and neck
C44.5,Malignant neoplasm: Skin of trunk
C44.6,"Malignant neoplasm: Skin of upper limb, including shoulder"
C44.7,"Malignant neoplasm: Skin of lower limb, including hip"
C44.8,Malignant neoplasm: Overlapping lesion of skin
C44.9,"Malignant neoplasm: Malignant neoplasm of skin, unspecified"
C45,Mesothelioma
C45-C49,Malignant neoplasms of mesothelial and soft tissue
C45.0,Mesothelioma of pleura
C45.1,Mesothelioma of peritoneum
C45.2,Mesothelioma of pericardium
C45.7,Mesothelioma of other sites
C45.9,"Mesothelioma, unspecified"
C46,Kaposi sarcoma
C46.0,Kaposi sarcoma of skin
C46.1,Kaposi sarcoma of soft tissue
C46.2,Kaposi sarcoma of palate
C46.3,Kaposi sarcoma of lymph nodes
C46.7,Kaposi sarcoma of other sites
C46.8,Kaposi sarcoma of multiple organs
C46.9,"Kaposi sarcoma, unspecified"
C47,Malignant neoplasm of peripheral nerves and autonomic nervous system
C47.0,"Malignant neoplasm: Peripheral nerves of head, face and neck"
C47.1,"Malignant neoplasm: Peripheral nerves of upper limb, including shoulder"
C47.2,"Malignant neoplasm: Peripheral nerves of lower limb, including hip"
C47.3,Malignant neoplasm: Peripheral nerves of thorax
C47.4,Malignant neoplasm: Peripheral nerves of abdomen
C47.5,Malignant neoplasm: Peripheral nerves of pelvis
C47.6,"Malignant neoplasm: Peripheral nerves of trunk, unspecified"
C47.8,Malignant neoplasm: Overlapping lesion of peripheral nerves and autonomic nervous system
C47.9,"Malignant neoplasm: Peripheral nerves and autonomic nervous system, unspecified"
C48,Malignant neoplasm of retroperitoneum and peritoneum
C48.0,Malignant neoplasm: Retroperitoneum
C48.1,Malignant neoplasm: Specified parts of peritoneum
C48.2,"Malignant neoplasm: Peritoneum, unspecified"
C48.8,Malignant neoplasm: Overlapping lesion of retroperitoneum and peritoneum
C49,Malignant neoplasm of other connective and soft tissue
C49.0,"Malignant neoplasm: Connective and soft tissue of head, face and neck"
C49.1,"Malignant neoplasm: Connective and soft tissue of upper limb, including shoulder"
C49.2,"Malignant neoplasm: Connective and soft tissue of lower limb, including hip"
C49.3,Malignant neoplasm: Connective and soft tissue of thorax
C49.4,Malignant neoplasm: Connective and soft tissue of abdomen
C49.5,Malignant neoplasm: Connective and soft tissue of pelvis
C49.6,"Malignant neoplasm: Connective and soft tissue of trunk, unspecified"
C49.8,Malignant neoplasm: Overlapping lesion of connective and soft tissue
C49.9,"Malignant neoplasm: Connective and soft tissue, unspecified"
C50,Malignant neoplasm of breast
C50-C50,Malignant neoplasm of breast
C50.0,Malignant neoplasm: Nipple and areola
C50.1,Malignant neoplasm: Central portion of breast
C50.2,Malignant neoplasm: Upper-inner quadrant of breast
C50.3,Malignant neoplasm: Lower-inner quadrant of breast
C50.4,Malignant neoplasm: Upper-outer quadrant of breast
C50.5,Malignant neoplasm: Lower-outer quadrant of breast
C50.6,Malignant neoplasm: Axillary tail of breast
C50.8,Malignant neoplasm: Overlapping lesion of breast
C50.9,"Malignant neoplasm: Breast, unspecified"
C51,Malignant neoplasm of vulva
C51-C58,Malignant neoplasms of female genital organs
C51.0,Malignant neoplasm: Labium majus
C51.1,Malignant neoplasm: Labium minus
C51.2,Malignant neoplasm: Clitoris
C51.8,Malignant neoplasm: Overlapping lesion of vulva
C51.9,"Malignant neoplasm: Vulva, unspecified"
C52,Malignant neoplasm of vagina
C53,Malignant neoplasm of cervix uteri
C53.0,Malignant neoplasm: Endocervix
C53.1,Malignant neoplasm: Exocervix
C53.8,Malignant neoplasm: Overlapping lesion of cervix uteri
C53.9,"Malignant neoplasm: Cervix uteri, unspecified"
C54,Malignant neoplasm of corpus uteri
C54.0,Malignant neoplasm: Isthmus uteri
C54.1,Malignant neoplasm: Endometrium
C54.2,Malignant neoplasm: Myometrium
C54.3,Malignant neoplasm: Fundus uteri
C54.8,Malignant neoplasm: Overlapping lesion of corpus uteri
C54.9,"Malignant neoplasm: Corpus uteri, unspecified"
C55,"Malignant neoplasm of uterus, part unspecified"
C56,Malignant neoplasm of ovary
C57,Malignant neoplasm of other and unspecified female genital organs
C57.0,Malignant neoplasm: Fallopian tube
C57.1,Malignant neoplasm: Broad ligament
C57.2,Malignant neoplasm: Round ligament
C57.3,Malignant neoplasm: Parametrium
C57.4,"Malignant neoplasm: Uterine adnexa, unspecified"
C57.7,Malignant neoplasm: Other specified female genital organs
C57.8,Malignant neoplasm: Overlapping lesion of female genital organs
C57.9,"Malignant neoplasm: Female genital organ, unspecified"
C58,Malignant neoplasm of placenta
C60,Malignant neoplasm of penis
C60-C63,Malignant neoplasms of male genital organs
C60.0,Malignant neoplasm: Prepuce
C60.1,Malignant neoplasm: Glans penis
C60.2,Malignant neoplasm: Body of penis
C60.8,Malignant neoplasm: Overlapping lesion of penis
C60.9,"Malignant neoplasm: Penis, unspecified"
C61,Malignant neoplasm of prostate
C62,Malignant neoplasm of testis
C62.0,Malignant neoplasm: Undescended testis
C62.1,Malignant neoplasm: Descended testis
C62.9,"Malignant neoplasm: Testis, unspecified"
C63,Malignant neoplasm of other and unspecified male genital organs
C63.0,Malignant neoplasm: Epididymis
C63.1,Malignant neoplasm: Spermatic cord
C63.2,Malignant neoplasm: Scrotum
C63.7,Malignant neoplasm: Other specified male genital organs
C63.8,Malignant neoplasm: Overlapping lesion of male genital organs
C63.9,"Malignant neoplasm: Male genital organ, unspecified"
C64,"Malignant neoplasm of kidney, except renal pelvis"
C64-C68,Malignant neoplasms of urinary tract
C65,Malignant neoplasm of renal pelvis
C66,Malignant neoplasm of ureter
C67,Malignant neoplasm of bladder
C67.0,Malignant neoplasm: Trigone of bladder
C67.1,Malignant neoplasm: Dome of bladder
C67.2,Malignant neoplasm: Lateral wall of bladder
C67.3,Malignant neoplasm: Anterior wall of bladder
C67.4,Malignant neoplasm: Posterior wall of bladder
C67.5,Malignant neoplasm: Bladder neck
C67.6,Malignant neoplasm: Ureteric orifice
C67.7,Malignant neoplasm: Urachus
C67.8,Malignant neoplasm: Overlapping lesion of bladder
C67.9,"Malignant neoplasm: Bladder, unspecified"
C68,Malignant neoplasm of other and unspecified urinary organs
C68.0,Malignant neoplasm: Urethra
C68.1,Malignant neoplasm: Paraurethral gland
C68.8,Malignant neoplasm: Overlapping lesion of urinary organs
C68.9,"Malignant neoplasm: Urinary organ, unspecified"
C69,Malignant neoplasm of eye and adnexa
C69-C72,"Malignant neoplasms of eye, brain and other parts of central nervous system"
C69.0,Malignant neoplasm: Conjunctiva
C69.1,Malignant neoplasm: Cornea
C69.2,Malignant neoplasm: Retina
C69.3,Malignant neoplasm: Choroid
C69.4,Malignant neoplasm: Ciliary body
C69.5,Malignant neoplasm: Lacrimal gland and duct
C69.6,Malignant neoplasm: Orbit
C69.8,Malignant neoplasm: Overlapping lesion of eye and adnexa
C69.9,"Malignant neoplasm: Eye, unspecified"
C70,Malignant neoplasm of meninges
C70.0,Malignant neoplasm: Cerebral meninges
C70.1,Malignant neoplasm: Spinal meninges
C70.9,"Malignant neoplasm: Meninges, unspecified"
C71,Malignant neoplasm of brain
C71.0,"Malignant neoplasm: Cerebrum, except lobes and ventricles"
C71.1,Malignant neoplasm: Frontal lobe
C71.2,Malignant neoplasm: Temporal lobe
C71.3,Malignant neoplasm: Parietal lobe
C71.4,Malignant neoplasm: Occipital lobe
C71.5,Malignant neoplasm: Cerebral ventricle
C71.6,Malignant neoplasm: Cerebellum
C71.7,Malignant neoplasm: Brain stem
C71.8,Malignant neoplasm: Overlapping lesion of brain
C71.9,"Malignant neoplasm: Brain, unspecified"
C72,"Malignant neoplasm of spinal cord, cranial nerves and other parts of central nervous system"
C72.0,Malignant neoplasm: Spinal cord
C72.1,Malignant neoplasm: Cauda equina
C72.2,Malignant neoplasm: Olfactory nerve
C72.3,Malignant neoplasm: Optic nerve
C72.4,Malignant neoplasm: Acoustic nerve
C72.5,Malignant neoplasm: Other and unspecified cranial nerves
C72.8,Malignant neoplasm: Overlapping lesion of brain and other parts of central nervous system
C72.9,"Malignant neoplasm: Central nervous system, unspecified"
C73,Malignant neoplasm of thyroid gland
C73-C75,Malignant neoplasms of thyroid and other endocrine glands
C74,Malignant neoplasm of adrenal gland
C74.0,Malignant neoplasm: Cortex of adrenal gland
C74.1,Malignant neoplasm: Medulla of adrenal gland
C74.9,"Malignant neoplasm: Adrenal gland, unspecified"
C75,Malignant neoplasm of other endocrine glands and related structures
C75.0,Malignant neoplasm: Parathyroid gland
C75.1,Malignant neoplasm: Pituitary gland
C75.2,Malignant neoplasm: Craniopharyngeal duct
C75.3,Malignant neoplasm: Pineal gland
C75.4,Malignant neoplasm: Carotid body
C75.5,Malignant neoplasm: Aortic body and other paraganglia
C75.8,"Malignant neoplasm: Pluriglandular involvement, unspecified"
C75.9,"Malignant neoplasm: Endocrine gland, unspecified"
C76,Malignant neoplasm of other and ill-defined sites
C76-C80,"Malignant neoplasms of ill-defined, secondary and unspecified sites"
C76.0,"Malignant neoplasm of other and ill-defined sites: Head, face and neck"
C76.1,Malignant neoplasm of other and ill-defined sites: Thorax
C76.2,Malignant neoplasm of other and ill-defined sites: Abdomen
C76.3,Malignant neoplasm of other and ill-defined sites: Pelvis
C76.4,Malignant neoplasm of other and ill-defined sites: Upper limb
C76.5,Malignant neoplasm of other and ill-defined sites: Lower limb
C76.7,Malignant neoplasm of other and ill-defined sites: Other ill-defined sites
C76.8,Malignant neoplasm of other and ill-defined sites: Overlapping lesion of other and ill-defined sites
C77,Secondary and unspecified malignant neoplasm of lymph nodes
C77.0,"Secondary and unspecified malignant neoplasm: Lymph nodes of head, face and neck"
C77.1,Secondary and unspecified malignant neoplasm: Intrathoracic lymph nodes
C77.2,Secondary and unspecified malignant neoplasm: Intra-abdominal lymph nodes
C77.3,Secondary and unspecified malignant neoplasm: Axillary and upper limb lymph nodes
C77.4,Secondary and unspecified malignant neoplasm: Inguinal and lower limb lymph nodes
C77.5,Secondary and unspecified malignant neoplasm: Intrapelvic lymph nodes
C77.8,Secondary and unspecified malignant neoplasm: Lymph nodes of multiple regions
C77.9,"Secondary and unspecified malignant neoplasm: Lymph node, unspecified"
C78,Secondary malignant neoplasm of respiratory and digestive organs
C78.0,Secondary malignant neoplasm of lung
C78.1,Secondary malignant neoplasm of mediastinum
C78.2,Secondary malignant neoplasm of pleura
C78.3,Secondary malignant neoplasm of other and unspecified respiratory organs
C78.4,Secondary malignant neoplasm of small intestine
C78.5,Secondary malignant neoplasm of large intestine and rectum
C78.6,Secondary malignant neoplasm of retroperitoneum and peritoneum
C78.7,Secondary malignant neoplasm of liver and intrahepatic bile duct
C78.8,Secondary malignant neoplasm of other and unspecified digestive organs
C79,Secondary malignant neoplasm of other and unspecified sites
C79.0,Secondary malignant neoplasm of kidney and renal pelvis
C79.1,Secondary malignant neoplasm of bladder and other and unspecified urinary organs
C79.2,Secondary malignant neoplasm of skin
C79.3,Secondary malignant neoplasm of brain and cerebral meninges
C79.4,Secondary malignant neoplasm of other and unspecified parts of nervous system
C79.5,Secondary malignant neoplasm of bone and bone marrow
C79.6,Secondary malignant neoplasm of ovary
C79.7,Secondary malignant neoplasm of adrenal gland
C79.8,Secondary malignant neoplasm of other specified sites
C79.9,"Secondary malignant neoplasm, unspecified site"
C80,"Malignant neoplasm, without specification of site"
C80.0,"Malignant neoplasm, primary site unknown, so stated"
C80.9,"Malignant neoplasm, primary site unspecified"
C81,Hodgkin lymphoma
C81-C96,"Malignant neoplasms, stated or presumed to be primary, of lymphoid, haematopoietic and related tissue"
C81.0,Nodular lymphocyte predominant Hodgkin lymphoma
C81.1,Nodular sclerosis classical Hodgkin lymphoma
C81.2,Mixed cellularity classical Hodgkin lymphoma
C81.3,Lymphocyte depleted classical Hodgkin lymphoma
C81.4,Lymphocyte-rich (classical) Hodgkin lymphoma
C81.7,Other classical Hodgkin lymphoma
C81.9,"Hodgkin lymphoma, unspecified"
C82,Follicular lymphoma
C82.0,Follicular lymphoma grade I
C82.1,Follicular lymphoma grade II
C82.2,"Follicular lymphoma grade III, unspecified"
C82.3,Follicular lymphoma grade IIIa
C82.4,Follicular lymphoma grade IIIb
C82.5,Diffuse follicle centre lymphoma
C82.6,Cutaneous follicle centre lymphoma
C82.7,Other types of follicular lymphoma
C82.9,"Follicular lymphoma, unspecified"
C83,Non-follicular lymphoma
C83.0,Small cell B-cell lymphoma
C83.1,Mantle cell lymphoma
C83.3,Diffuse large B-cell lymphoma
C83.5,Lymphoblastic (diffuse) lymphoma
C83.7,Burkitt lymphoma
C83.8,Other non-follicular lymphoma
C83.9,"Non-follicular (diffuse) lymphoma, unspecified"
C84,Mature T/NK-cell lymphomas
C84.0,Mycosis fungoides
C84.1,Sézary disease
C84.4,"Peripheral T-cell lymphoma, not elsewhere classified"
C84.5,Other mature T/NK-cell lymphomas
C84.6,"Anaplastic large cell lymphoma, ALK-positive"
C84.7,"Anaplastic large cell lymphoma, ALK-negative"
C84.8,"Cutaneous T-cell lymphoma, unspecified"
C84.9,"Mature T/NK-cell lymphoma, unspecified"
C85,Other and unspecified types of non-Hodgkin lymphoma
C85.1,"B-cell lymphoma, unspecified"
C85.2,Mediastinal (thymic) large B-cell lymphoma
C85.7,Other specified types of non-Hodgkin lymphoma
C85.9,"Non-Hodgkin lymphoma, unspecified"
C86,Other specified types of T/NK-cell lymphoma
C86.0,"Extranodal NK/T-cell lymphoma, nasal type"
C86.1,Hepatosplenic T-cell lymphoma
C86.2,Enteropathy-type (intestinal) T-cell lymphoma
C86.3,Subcutaneous panniculitis-like T-cell lymphoma
C86.4,Blastic NK-cell lymphoma
C86.5,Angioimmunoblastic T-cell lymphoma
C86.6,Primary cutaneous CD30-positive T-cell proliferations
C88,Malignant immunoproliferative diseases
C88.0,Waldenström macroglobulinaemia
C88.2,Other heavy chain disease
C88.3,Immunoproliferative small intestinal disease
C88.4,Extranodal marginal zone B-cell lymphoma of mucosa-associated lymphoid tissue [MALT-lyphoma]
C88.7,Other malignant immunoproliferative diseases
C88.9,"Malignant immunoproliferative disease, unspecified"
C90,Multiple myeloma and malignant plasma cell neoplasms
C90.0,Multiple myeloma
C90.1,Plasma cell leukaemia
C90.2,Extramedullary plasmacytoma
C90.3,Solitary plasmacytoma
C91,Lymphoid leukaemia
C91.0,Acute lymphoblastic leukaemia [ALL]
C91.1,Chronic lymphocytic leukaemia of B-cell type
C91.3,Prolymphocytic leukaemia of B-cell type
C91.4,Hairy-cell leukaemia
C91.5,Adult T-cell lymphoma/leukaemia [HTLV-1-associated]
C91.6,Prolymphocytic leukaemia of T-cell type
C91.7,Other lymphoid leukaemia
C91.8,Mature B-cell leukaemia Burkitt-type
C91.9,"Lymphoid leukaemia, unspecified"
C92,Myeloid leukaemia
C92.0,Acute myeloblastic leukaemia [AML]
C92.1,"Chronic myeloid leukaemia [CML], BCR/ABL-positive"
C92.2,"Atypical chronic myeloid leukaemia, BCR/ABL- negative"
C92.3,Myeloid sarcoma
C92.4,Acute promyelocytic leukaemia [PML]
C92.5,Acute myelomonocytic leukaemia
C92.6,Acute myeloid leukaemia with 11q23-abnormality
C92.7,Other myeloid leukaemia
C92.8,Acute myeloid leukaemia with multilineage dysplasia
C92.9,"Myeloid leukaemia, unspecified"
C93,Monocytic leukaemia
C93.0,Acute monoblastic/monocytic leukaemia
C93.1,Chronic myelomonocytic leukaemia
C93.3,Juvenile myelomonocytic leukaemia
C93.7,Other monocytic leukaemia
C93.9,"Monocytic leukaemia, unspecified"
C94,Other leukaemias of specified cell type
C94.0,Acute erythroid leukaemia
C94.2,Acute megakaryoblastic leukaemia
C94.3,Mast cell leukaemia
C94.4,Acute panmyelosis with myelofibrosis
C94.6,"Myelodysplastic and myeloproliferative disease, not elsewhere classified"
C94.7,Other specified leukaemias
C95,Leukaemia of unspecified cell type
C95.0,Acute leukaemia of unspecified cell type
C95.1,Chronic leukaemia of unspecified cell type
C95.7,Other leukaemia of unspecified cell type
C95.9,"Leukaemia, unspecified"
C96,"Other and unspecified malignant neoplasms of lymphoid, haematopoietic and related tissue"
C96.0,Multifocal and multisystemic (disseminated) Langerhans-cell histiocytosis [Letterer-Siwe disease]
C96.2,Malignant mast cell tumour
C96.4,Sarcoma of dendritic cells (accessory cells)
C96.5,Multifocal and unisystemic Langerhans-cell histiocytosis
C96.6,Unifocal Langerhans-cell histiocytosis
C96.7,"Other specified malignant neoplasms of lymphoid, haematopoietic and related tissue"
C96.8,Histiocytic sarcoma
C96.9,"Malignant neoplasm of lymphoid, haematopoietic and related tissue, unspecified"
C97,Malignant neoplasms of independent (primary) multiple sites
C97-C97,Malignant neoplasms of independent (primary) multiple sites
D00,"Carcinoma in situ of oral cavity, oesophagus and stomach"
D00-D09,In situ neoplasms
D00.0,"Carcinoma in situ: Lip, oral cavity and pharynx"
D00.1,Carcinoma in situ: Oesophagus
D00.2,Carcinoma in situ: Stomach
D01,Carcinoma in situ of other and unspecified digestive organs
D01.0,Carcinoma in situ: Colon
D01.1,Carcinoma in situ: Rectosigmoid junction
D01.2,Carcinoma in situ: Rectum
D01.3,Carcinoma in situ: Anus and anal canal
D01.4,Carcinoma in situ: Other and unspecified parts of intestine
D01.5,"Carcinoma in situ: Liver, gallbladder and bile ducts"
D01.7,Carcinoma in situ: Other specified digestive organs
D01.9,"Carcinoma in situ: Digestive organ, unspecified"
D02,Carcinoma in situ of middle ear and respiratory system
D02.0,Carcinoma in situ: Larynx
D02.1,Carcinoma in situ: Trachea
D02.2,Carcinoma in situ: Bronchus and lung
D02.3,Carcinoma in situ: Other parts of respiratory system
D02.4,"Carcinoma in situ: Respiratory system, unspecified"
D03,Melanoma in situ
D03.0,Melanoma in situ of lip
D03.1,"Melanoma in situ of eyelid, including canthus"
D03.2,Melanoma in situ of ear and external auricular canal
D03.3,Melanoma in situ of other and unspecified parts of face
D03.4,Melanoma in situ of scalp and neck
D03.5,Melanoma in situ of trunk
D03.6,"Melanoma in situ of upper limb, including shoulder"
D03.7,"Melanoma in situ of lower limb, including hip"
D03.8,Melanoma in situ of other sites
D03.9,"Melanoma in situ, unspecified"
D04,Carcinoma in situ of skin
D04.0,Carcinoma in situ: Skin of lip
D04.1,"Carcinoma in situ: Skin of eyelid, including canthus"
D04.2,Carcinoma in situ: Skin of ear and external auricular canal
D04.3,Carcinoma in situ: Skin of other and unspecified parts of face
D04.4,Carcinoma in situ: Skin of scalp and neck
D04.5,Carcinoma in situ: Skin of trunk
D04.6,"Carcinoma in situ: Skin of upper limb, including shoulder"
D04.7,"Carcinoma in situ: Skin of lower limb, including hip"
D04.8,Carcinoma in situ: Skin of other sites
D04.9,"Carcinoma in situ: Skin, unspecified"
D05,Carcinoma in situ of breast
D05.0,Lobular carcinoma in situ
D05.1,Intraductal carcinoma in situ
D05.7,Other carcinoma in situ of breast
D05.9,"Carcinoma in situ of breast, unspecified"
D06,Carcinoma in situ of cervix uteri
D06.0,Carcinoma in situ: Endocervix
D06.1,Carcinoma in situ: Exocervix
D06.7,Carcinoma in situ: Other parts of cervix
D06.9,"Carcinoma in situ: Cervix, unspecified"
D07,Carcinoma in situ of other and unspecified genital organs
D07.0,Carcinoma in situ: Endometrium
D07.1,Carcinoma in situ: Vulva
D07.2,Carcinoma in situ: Vagina
D07.3,Carcinoma in situ: Other and unspecified female genital organs
D07.4,Carcinoma in situ: Penis
D07.5,Carcinoma in situ: Prostate
D07.6,Carcinoma in situ: Other and unspecified male genital organs
D09,Carcinoma in situ of other and unspecified sites
D09.0,Carcinoma in situ: Bladder
D09.1,Carcinoma in situ: Other and unspecified urinary organs
D09.2,Carcinoma in situ: Eye
D09.3,Carcinoma in situ: Thyroid and other endocrine glands
D09.7,Carcinoma in situ of other specified sites
D09.9,"Carcinoma in situ, unspecified"
D10,Benign neoplasm of mouth and pharynx
D10-D36,Benign neoplasms
D10.0,Benign neoplasm: Lip
D10.1,Benign neoplasm: Tongue
D10.2,Benign neoplasm: Floor of mouth
D10.3,Benign neoplasm: Other and unspecified parts of mouth
D10.4,Benign neoplasm: Tonsil
D10.5,Benign neoplasm: Other parts of oropharynx
D10.6,Benign neoplasm: Nasopharynx
D10.7,Benign neoplasm: Hypopharynx
D10.9,"Benign neoplasm: Pharynx, unspecified"
D11,Benign neoplasm of major salivary glands
D11.0,Benign neoplasm: Parotid gland
D11.7,Benign neoplasm: Other major salivary glands
D11.9,"Benign neoplasm: Major salivary gland, unspecified"
D12,"Benign neoplasm of colon, rectum, anus and anal canal"
D12.0,Benign neoplasm: Caecum
D12.1,Benign neoplasm: Appendix
D12.2,Benign neoplasm: Ascending colon
D12.3,Benign neoplasm: Transverse colon
D12.4,Benign neoplasm: Descending colon
D12.5,Benign neoplasm: Sigmoid colon
D12.6,"Benign neoplasm: Colon, unspecified"
D12.7,Benign neoplasm: Rectosigmoid junction
D12.8,Benign neoplasm: Rectum
D12.9,Benign neoplasm: Anus and anal canal
D13,Benign neoplasm of other and ill-defined parts of digestive system
D13.0,Benign neoplasm: Oesophagus
D13.1,Benign neoplasm: Stomach
D13.2,Benign neoplasm: Duodenum
D13.3,Benign neoplasm: Other and unspecified parts of small intestine
D13.4,Benign neoplasm: Liver
D13.5,Benign neoplasm: Extrahepatic bile ducts
D13.6,Benign neoplasm: Pancreas
D13.7,Benign neoplasm: Endocrine pancreas
D13.9,Benign neoplasm: Ill-defined sites within the digestive system
D14,Benign neoplasm of middle ear and respiratory system
D14.0,"Benign neoplasm: Middle ear, nasal cavity and accessory sinuses"
D14.1,Benign neoplasm: Larynx
D14.2,Benign neoplasm: Trachea
D14.3,Benign neoplasm: Bronchus and lung
D14.4,"Benign neoplasm: Respiratory system, unspecified"
D15,Benign neoplasm of other and unspecified intrathoracic organs
D15.0,Benign neoplasm: Thymus
D15.1,Benign neoplasm: Heart
D15.2,Benign neoplasm: Mediastinum
D15.7,Benign neoplasm: Other specified intrathoracic organs
D15.9,"Benign neoplasm: Intrathoracic organ, unspecified"
D16,Benign neoplasm of bone and articular cartilage
D16.0,Benign neoplasm: Scapula and long bones of upper limb
D16.1,Benign neoplasm: Short bones of upper limb
D16.2,Benign neoplasm: Long bones of lower limb
D16.3,Benign neoplasm: Short bones of lower limb
D16.4,Benign neoplasm: Bones of skull and face
D16.5,Benign neoplasm: Lower jaw bone
D16.6,Benign neoplasm: Vertebral column
D16.7,"Benign neoplasm: Ribs, sternum and clavicle"
D16.8,"Benign neoplasm: Pelvic bones, sacrum and coccyx"
D16.9,"Benign neoplasm: Bone and articular cartilage, unspecified"
D17,Benign lipomatous neoplasm
D17.0,"Benign lipomatous neoplasm of skin and subcutaneous tissue of head, face and neck"
D17.1,Benign lipomatous neoplasm of skin and subcutaneous tissue of trunk
D17.2,Benign lipomatous neoplasm of skin and subcutaneous tissue of limbs
D17.3,Benign lipomatous neoplasm of skin and subcutaneous tissue of other and unspecified sites
D17.4,Benign lipomatous neoplasm of intrathoracic organs
D17.5,Benign lipomatous neoplasm of intra-abdominal organs
D17.6,Benign lipomatous neoplasm of spermatic cord
D17.7,Benign lipomatous neoplasm of other sites
D17.9,"Benign lipomatous neoplasm, unspecified"
D18,"Haemangioma and lymphangioma, any site"
D18.0,"Haemangioma, any site"
D18.1,"Lymphangioma, any site"
D19,Benign neoplasm of mesothelial tissue
D19.0,Benign neoplasm: Mesothelial tissue of pleura
D19.1,Benign neoplasm: Mesothelial tissue of peritoneum
D19.7,Benign neoplasm: Mesothelial tissue of other sites
D19.9,"Benign neoplasm: Mesothelial tissue, unspecified"
D20,Benign neoplasm of soft tissue of retroperitoneum and peritoneum
D20.0,Benign neoplasm: Retroperitoneum
D20.1,Benign neoplasm: Peritoneum
D21,Other benign neoplasms of connective and other soft tissue
D21.0,"Benign neoplasm: Connective and other soft tissue of head, face and neck"
D21.1,"Benign neoplasm: Connective and other soft tissue of upper limb, including shoulder"
D21.2,"Benign neoplasm: Connective and other soft tissue of lower limb, including hip"
D21.3,Benign neoplasm: Connective and other soft tissue of thorax
D21.4,Benign neoplasm: Connective and other soft tissue of abdomen
D21.5,Benign neoplasm: Connective and other soft tissue of pelvis
D21.6,"Benign neoplasm: Connective and other soft tissue of trunk, unspecified"
D21.9,"Benign neoplasm: Connective and other soft tissue, unspecified"
D22,Melanocytic naevi
D22.0,Melanocytic naevi of lip
D22.1,"Melanocytic naevi of eyelid, including canthus"
D22.2,Melanocytic naevi of ear and external auricular canal
D22.3,Melanocytic naevi of other and unspecified parts of face
D22.4,Melanocytic naevi of scalp and neck
D22.5,Melanocytic naevi of trunk
D22.6,"Melanocytic naevi of upper limb, including shoulder"
D22.7,"Melanocytic naevi of lower limb, including hip"
D22.9,"Melanocytic naevi, unspecified"
D23,Other benign neoplasms of skin
D23.0,Benign neoplasm: Skin of lip
D23.1,"Benign neoplasm: Skin of eyelid, including canthus"
D23.2,Benign neoplasm: Skin of ear and external auricular canal
D23.3,Benign neoplasm: Skin of other and unspecified parts of face
D23.4,Benign neoplasm: Skin of scalp and neck
D23.5,Benign neoplasm: Skin of trunk
D23.6,"Benign neoplasm: Skin of upper limb, including shoulder"
D23.7,"Benign neoplasm: Skin of lower limb, including hip"
D23.9,"Benign neoplasm: Skin, unspecified"
D24,Benign neoplasm of breast
D25,Leiomyoma of uterus
D25.0,Submucous leiomyoma of uterus
D25.1,Intramural leiomyoma of uterus
D25.2,Subserosal leiomyoma of uterus
D25.9,"Leiomyoma of uterus, unspecified"
D26,Other benign neoplasms of uterus
D26.0,Other benign neoplasm: Cervix uteri
D26.1,Other benign neoplasm: Corpus uteri
D26.7,Other benign neoplasm: Other parts of uterus
D26.9,"Other benign neoplasm: Uterus, unspecified"
D27,Benign neoplasm of ovary
D28,Benign neoplasm of other and unspecified female genital organs
D28.0,Benign neoplasm: Vulva
D28.1,Benign neoplasm: Vagina
D28.2,Benign neoplasm: Uterine tubes and ligaments
D28.7,Benign neoplasm: Other specified female genital organs
D28.9,"Benign neoplasm: Female genital organ, unspecified"
D29,Benign neoplasm of male genital organs
D29.0,Benign neoplasm: Penis
D29.1,Benign neoplasm: Prostate
D29.2,Benign neoplasm: Testis
D29.3,Benign neoplasm: Epididymis
D29.4,Benign neoplasm: Scrotum
D29.7,Benign neoplasm: Other male genital organs
D29.9,"Benign neoplasm: Male genital organ, unspecified"
D30,Benign neoplasm of urinary organs
D30.0,Benign neoplasm: Kidney
D30.1,Benign neoplasm: Renal pelvis
D30.2,Benign neoplasm: Ureter
D30.3,Benign neoplasm: Bladder
D30.4,Benign neoplasm: Urethra
D30.7,Benign neoplasm: Other urinary organs
D30.9,"Benign neoplasm: Urinary organ, unspecified"
D31,Benign neoplasm of eye and adnexa
D31.0,Benign neoplasm: Conjunctiva
D31.1,Benign neoplasm: Cornea
D31.2,Benign neoplasm: Retina
D31.3,Benign neoplasm: Choroid
D31.4,Benign neoplasm: Ciliary body
D31.5,Benign neoplasm: Lacrimal gland and duct
D31.6,"Benign neoplasm: Orbit, unspecified"
D31.9,"Benign neoplasm: Eye, unspecified"
D32,Benign neoplasm of meninges
D32.0,Benign neoplasm: Cerebral meninges
D32.1,Benign neoplasm: Spinal meninges
D32.9,"Benign neoplasm: Meninges, unspecified"
D33,Benign neoplasm of brain and other parts of central nervous system
D33.0,"Benign neoplasm: Brain, supratentorial"
D33.1,"Benign neoplasm: Brain, infratentorial"
D33.2,"Benign neoplasm: Brain, unspecified"
D33.3,Benign neoplasm: Cranial nerves
D33.4,Benign neoplasm: Spinal cord
D33.7,Benign neoplasm: Other specified parts of central nervous system
D33.9,"Benign neoplasm: Central nervous system, unspecified"
D34,Benign neoplasm of thyroid gland
D35,Benign neoplasm of other and unspecified endocrine glands
D35.0,Benign neoplasm: Adrenal gland
D35.1,Benign neoplasm: Parathyroid gland
D35.2,Benign neoplasm: Pituitary gland
D35.3,Benign neoplasm: Craniopharyngeal duct
D35.4,Benign neoplasm: Pineal gland
D35.5,Benign neoplasm: Carotid body
D35.6,Benign neoplasm: Aortic body and other paraganglia
D35.7,Benign neoplasm: Other specified endocrine glands
D35.8,Benign neoplasm: Pluriglandular involvement
D35.9,"Benign neoplasm: Endocrine gland, unspecified"
D36,Benign neoplasm of other and unspecified sites
D36.0,Benign neoplasm: Lymph nodes
D36.1,Benign neoplasm: Peripheral nerves and autonomic nervous system
D36.7,Benign neoplasm: Other specified sites
D36.9,Benign neoplasm: Benign neoplasm of unspecified site
D37,Neoplasm of uncertain or unknown behaviour of oral cavity and digestive organs
D37-D48,Neoplasms of uncertain or unknown behaviour
D37.0,"Neoplasm of uncertain or unknown behaviour: Lip, oral cavity and pharynx"
D37.1,Neoplasm of uncertain or unknown behaviour: Stomach
D37.2,Neoplasm of uncertain or unknown behaviour: Small intestine
D37.3,Neoplasm of uncertain or unknown behaviour: Appendix
D37.4,Neoplasm of uncertain or unknown behaviour: Colon
D37.5,Neoplasm of uncertain or unknown behaviour: Rectum
D37.6,"Neoplasm of uncertain or unknown behaviour: Liver, gallbladder and bile ducts"
D37.7,Neoplasm of uncertain or unknown behaviour: Other digestive organs
D37.9,"Neoplasm of uncertain or unknown behaviour: Digestive organ, unspecified"
D38,Neoplasm of uncertain or unknown behaviour of middle ear and respiratory and intrathoracic organs
D38.0,Neoplasm of uncertain or unknown behaviour: Larynx
D38.1,"Neoplasm of uncertain or unknown behaviour: Trachea, bronchus and lung"
D38.2,Neoplasm of uncertain or unknown behaviour: Pleura
D38.3,Neoplasm of uncertain or unknown behaviour: Mediastinum
D38.4,Neoplasm of uncertain or unknown behaviour: Thymus
D38.5,Neoplasm of uncertain or unknown behaviour: Other respiratory organs
D38.6,"Neoplasm of uncertain or unknown behaviour: Respiratory organ, unspecified"
D39,Neoplasm of uncertain or unknown behaviour of female genital organs
D39.0,Neoplasm of uncertain or unknown behaviour: Uterus
D39.1,Neoplasm of uncertain or unknown behaviour: Ovary
D39.2,Neoplasm of uncertain or unknown behaviour: Placenta
D39.7,Neoplasm of uncertain or unknown behaviour: Other female genital organs
D39.9,"Neoplasm of uncertain or unknown behaviour: Female genital organ, unspecified"
D40,Neoplasm of uncertain or unknown behaviour of male genital organs
D40.0,Neoplasm of uncertain or unknown behaviour: Prostate
D40.1,Neoplasm of uncertain or unknown behaviour: Testis
D40.7,Neoplasm of uncertain or unknown behaviour: Other male genital organs
D40.9,"Neoplasm of uncertain or unknown behaviour: Male genital organ, unspecified"
D41,Neoplasm of uncertain or unknown behaviour of urinary organs
D41.0,Neoplasm of uncertain or unknown behaviour: Kidney
D41.1,Neoplasm of uncertain or unknown behaviour: Renal pelvis
D41.2,Neoplasm of uncertain or unknown behaviour: Ureter
D41.3,Neoplasm of uncertain or unknown behaviour: Urethra
D41.4,Neoplasm of uncertain or unknown behaviour: Bladder
D41.7,Neoplasm of uncertain or unknown behaviour: Other urinary organs
D41.9,"Neoplasm of uncertain or unknown behaviour: Urinary organ, unspecified"
D42,Neoplasm of uncertain or unknown behaviour of meninges
D42.0,Neoplasm of uncertain or unknown behaviour: Cerebral meninges
D42.1,Neoplasm of uncertain or unknown behaviour: Spinal meninges
D42.9,"Neoplasm of uncertain or unknown behaviour: Meninges, unspecified"
D43,Neoplasm of uncertain or unknown behaviour of brain and central nervous system
D43.0,"Neoplasm of uncertain or unknown behaviour: Brain, supratentorial"
D43.1,"Neoplasm of uncertain or unknown behaviour: Brain, infratentorial"
D43.2,"Neoplasm of uncertain or unknown behaviour: Brain, unspecified"
D43.3,Neoplasm of uncertain or unknown behaviour: Cranial nerves
D43.4,Neoplasm of uncertain or unknown behaviour: Spinal cord
D43.7,Neoplasm of uncertain or unknown behaviour: Other parts of central nervous system
D43.9,"Neoplasm of uncertain or unknown behaviour: Central nervous system, unspecified"
D44,Neoplasm of uncertain or unknown behaviour of endocrine glands
D44.0,Neoplasm of uncertain or unknown behaviour: Thyroid gland
D44.1,Neoplasm of uncertain or unknown behaviour: Adrenal gland
D44.2,Neoplasm of uncertain or unknown behaviour: Parathyroid gland
D44.3,Neoplasm of uncertain or unknown behaviour: Pituitary gland
D44.4,Neoplasm of uncertain or unknown behaviour: Craniopharyngeal duct
D44.5,Neoplasm of uncertain or unknown behaviour: Pineal gland
D44.6,Neoplasm of uncertain or unknown behaviour: Carotid body
D44.7,Neoplasm of uncertain or unknown behaviour: Aortic body and other paraganglia
D44.8,Neoplasm of uncertain or unknown behaviour: Pluriglandular involvement
D44.9,"Neoplasm of uncertain or unknown behaviour: Endocrine gland, unspecified"
D45,Polycythaemia vera
D46,Myelodysplastic syndromes
D46.0,"Refractory anaemia without ring sideroblasts, so stated"
D46.1,Refractory anaemia with ring sideroblasts
D46.2,Refractory anaemia with excess of blasts [RAEB]
D46.4,"Refractory anaemia, unspecified"
D46.5,Refractory anaemia with multi-lineage dysplasia
D46.6,Myelodysplastic syndrome with isolated del(5q) chromosomal abnormality
D46.7,Other myelodysplastic syndromes
D46.9,"Myelodysplastic syndrome, unspecified"
D47,"Other neoplasms of uncertain or unknown behaviour of lymphoid, haematopoietic and related tissue"
D47.0,Histiocytic and mast cell tumours of uncertain and unknown behaviour
D47.1,Chronic myeloproliferative disease
D47.2,Monoclonal gammopathy of undetermined significance (MGUS)
D47.3,Essential (haemorrhagic) thrombocythaemia
D47.4,Osteomyelofibrosis
D47.5,Chronic eosinophilic leukaemia [hypereosinophilic syndrome]
D47.7,"Other specified neoplasms of uncertain or unknown behaviour of lymphoid, haematopoietic and related tissue"
D47.9,"Neoplasm of uncertain or unknown behaviour of lymphoid, haematopoietic and related tissue, unspecified"
D48,Neoplasm of uncertain or unknown behaviour of other and unspecified sites
D48.0,Neoplasm of uncertain or unknown behaviour: Bone and articular cartilage
D48.1,Neoplasm of uncertain or unknown behaviour: Connective and other soft tissue
D48.2,Neoplasm of uncertain or unknown behaviour: Peripheral nerves and autonomic nervous system
D48.3,Neoplasm of uncertain or unknown behaviour: Retroperitoneum
D48.4,Neoplasm of uncertain or unknown behaviour: Peritoneum
D48.5,Neoplasm of uncertain or unknown behaviour: Skin
D48.6,Neoplasm of uncertain or unknown behaviour: Breast
D48.7,Neoplasm of uncertain or unknown behaviour: Other specified sites
D48.9,"Neoplasm of uncertain or unknown behaviour: Neoplasm of uncertain or unknown behaviour, unspecified"
II,Neoplasms
